ImageID,boxID_gt,labelID_gt,predTag_p,x_center_gt,y_center_gt,width_gt,height_gt,judge
9,0.0,9.0,1,0.1717,0.5244,0.17,0.1499,same PASS
106,0.0,11.0,1,0.6667,0.5154,0.5619,0.8615,misskill
108,0.0,9.0,1,0.3221,0.615,0.2075,0.1912,same PASS
108,1.0,9.0,1,0.487,0.5553,0.0889,0.2569,same PASS
108,2.0,9.0,1,0.7853,0.8435,0.0926,0.236,same PASS
109,0.0,9.0,1,0.2017,0.1819,0.0815,0.2629,same PASS
109,1.0,9.0,1,0.5065,0.4836,0.0834,0.2689,same PASS
109,2.0,9.0,1,0.6668,0.4253,0.2075,0.1882,same PASS
110,0.0,9.0,1,0.7955,0.8406,0.076,0.242,same PASS
110,1.0,9.0,1,0.4972,0.5568,0.0871,0.2659,same PASS
110,2.0,9.0,1,0.3351,0.6165,0.2075,0.1882,same PASS
111,0.0,9.0,1,0.1896,0.2162,0.0797,0.2659,same PASS
111,1.0,9.0,1,0.488,0.506,0.0871,0.2659,same PASS
111,2.0,9.0,1,0.6566,0.4597,0.2057,0.1912,same PASS
112,0.0,9.0,1,0.1943,0.1714,0.0815,0.2599,same PASS
112,1.0,9.0,1,0.4935,0.4373,0.0871,0.2659,same PASS
112,2.0,9.0,1,0.6538,0.3835,0.2075,0.1882,same PASS
113,0.0,9.0,1,0.3369,0.6046,0.2075,0.1882,same PASS
113,1.0,9.0,1,0.5065,0.5538,0.0908,0.2659,same PASS
113,2.0,9.0,1,0.8002,0.8346,0.0815,0.2539,same PASS
114,0.0,9.0,1,0.3425,0.5,0.2001,0.1822,same PASS
114,1.0,9.0,1,0.512,0.4492,0.0908,0.2659,same PASS
114,2.0,9.0,1,0.8057,0.739,0.0852,0.2718,same PASS
116,0.0,9.0,1,0.336,0.5344,0.2057,0.1792,same PASS
116,1.0,9.0,1,0.5046,0.4776,0.0871,0.2629,same PASS
116,2.0,9.0,1,0.802,0.7689,0.0815,0.2599,same PASS
117,0.0,9.0,1,0.324,0.6075,0.2001,0.1763,same PASS
117,1.0,9.0,1,0.4991,0.5523,0.0871,0.2629,same PASS
117,2.0,9.0,1,0.7965,0.8376,0.0852,0.2479,same PASS
118,0.0,9.0,1,0.3295,0.5448,0.2001,0.1822,same PASS
118,1.0,9.0,1,0.4954,0.497,0.0871,0.2659,same PASS
118,2.0,9.0,1,0.7946,0.7823,0.0926,0.2689,same PASS
119,0.0,9.0,1,0.3527,0.5344,0.1946,0.1912,same PASS
119,1.0,9.0,1,0.5176,0.491,0.0908,0.2718,same PASS
119,2.0,9.0,1,0.8141,0.7823,0.0834,0.2629,same PASS
120,0.0,9.0,1,0.2008,0.1983,0.0834,0.2659,same PASS
120,1.0,9.0,1,0.4981,0.4866,0.0778,0.2689,same PASS
120,2.0,9.0,1,0.6695,0.4283,0.2057,0.1822,same PASS
121,0.0,9.0,1,0.3425,0.506,0.2038,0.1763,same PASS
121,1.0,9.0,1,0.5148,0.4537,0.0815,0.2629,same PASS
121,2.0,9.0,1,0.8094,0.7479,0.0815,0.2659,same PASS
122,0.0,9.0,1,0.2147,0.1669,0.0815,0.2509,same PASS
122,1.0,9.0,1,0.513,0.4597,0.0815,0.2629,same PASS
122,2.0,9.0,1,0.6742,0.4014,0.2038,0.1763,same PASS
123,0.0,9.0,1,0.185,0.1714,0.0815,0.2599,same PASS
123,1.0,9.0,1,0.4843,0.4701,0.0871,0.2659,same PASS
123,2.0,9.0,1,0.6501,0.4074,0.2075,0.1882,same PASS
124,0.0,9.0,1,0.2063,0.2222,0.0834,0.2659,same PASS
124,1.0,9.0,1,0.5083,0.5134,0.0834,0.2689,same PASS
124,2.0,9.0,1,0.6742,0.4612,0.2038,0.1763,same PASS
125,0.0,9.0,1,0.1943,0.1744,0.0815,0.2599,same PASS
125,1.0,9.0,1,0.4972,0.4507,0.0834,0.2689,same PASS
125,2.0,9.0,1,0.6593,0.3954,0.2075,0.1882,same PASS
126,0.0,9.0,1,0.8076,0.8196,0.0815,0.2599,same PASS
126,1.0,9.0,1,0.5102,0.5284,0.0834,0.2689,same PASS
126,2.0,9.0,1,0.3444,0.5866,0.2075,0.1882,same PASS
127,0.0,9.0,1,0.7965,0.8002,0.0815,0.2629,same PASS
127,1.0,9.0,1,0.4954,0.5075,0.0834,0.2689,same PASS
127,2.0,9.0,1,0.3295,0.5657,0.2075,0.1882,same PASS
128,0.0,9.0,1,0.7946,0.8065,0.0815,0.2441,same PASS
128,1.0,9.0,1,0.4954,0.5485,0.0834,0.2497,same PASS
128,2.0,9.0,1,0.3314,0.6026,0.2075,0.1748,same PASS
129,0.0,9.0,1,0.8029,0.8051,0.0797,0.2469,same PASS
129,1.0,9.0,1,0.5046,0.5472,0.0871,0.2469,same PASS
129,2.0,9.0,1,0.3407,0.5957,0.2112,0.1831,same PASS
130,0.0,9.0,1,0.2063,0.2393,0.0797,0.2469,same PASS
130,1.0,9.0,1,0.5065,0.5139,0.0871,0.2469,same PASS
130,2.0,9.0,1,0.6723,0.4653,0.2112,0.1831,same PASS
131,0.0,9.0,1,0.7965,0.7164,0.0815,0.2524,same PASS
131,1.0,9.0,1,0.4972,0.4445,0.0871,0.2469,same PASS
131,2.0,9.0,1,0.3332,0.4986,0.2112,0.1831,same PASS
132,0.0,9.0,1,0.8094,0.8065,0.0815,0.2386,same PASS
132,1.0,9.0,1,0.5102,0.5388,0.0871,0.2469,same PASS
132,2.0,9.0,1,0.3444,0.5902,0.2112,0.1831,same PASS
133,0.0,9.0,1,0.2221,0.2295,0.0815,0.2386,same PASS
133,1.0,9.0,1,0.5195,0.5028,0.0871,0.2469,same PASS
133,2.0,9.0,1,0.6723,0.4487,0.2112,0.1831,same PASS
134,0.0,9.0,1,0.8002,0.7829,0.0852,0.2413,same PASS
134,1.0,9.0,1,0.4991,0.5111,0.0871,0.2469,same PASS
134,2.0,9.0,1,0.3286,0.5596,0.2057,0.172,same PASS
135,0.0,9.0,1,0.7789,0.8107,0.0797,0.2358,same PASS
135,1.0,9.0,1,0.4787,0.5555,0.0871,0.2469,same PASS
135,2.0,9.0,1,0.3138,0.604,0.2057,0.172,same PASS
136,0.0,9.0,1,0.7974,0.751,0.0797,0.2441,same PASS
136,1.0,9.0,1,0.4954,0.4736,0.0834,0.2497,same PASS
136,2.0,9.0,1,0.3295,0.5333,0.2075,0.1748,same PASS
137,0.0,9.0,1,0.198,0.1865,0.0815,0.2247,same PASS
137,1.0,9.0,1,0.4935,0.4542,0.0834,0.2497,same PASS
137,2.0,9.0,1,0.6575,0.3946,0.2075,0.1748,same PASS
138,0.0,9.0,1,0.8104,0.7663,0.0797,0.2469,same PASS
138,1.0,9.0,1,0.5139,0.4945,0.0871,0.2469,same PASS
138,2.0,9.0,1,0.3462,0.5485,0.2112,0.1831,same PASS
139,0.0,9.0,1,0.789,0.8107,0.0852,0.2358,same PASS
139,1.0,9.0,1,0.4935,0.5485,0.0834,0.2497,same PASS
139,2.0,9.0,1,0.324,0.6082,0.2075,0.1748,same PASS
140,0.0,9.0,1,0.7992,0.8148,0.0834,0.2275,same PASS
140,1.0,9.0,1,0.3369,0.6012,0.1964,0.1664,same PASS
140,2.0,9.0,1,0.5046,0.5485,0.0834,0.2497,same PASS
141,0.0,9.0,1,0.3286,0.611,0.202,0.1748,same PASS
141,1.0,9.0,1,0.4954,0.5583,0.0908,0.2413,same PASS
141,2.0,9.0,1,0.7928,0.8176,0.0852,0.2219,same PASS
142,0.0,9.0,1,0.1924,0.2503,0.0852,0.2469,same PASS
142,1.0,9.0,1,0.4907,0.5208,0.0926,0.2441,same PASS
142,2.0,9.0,1,0.6529,0.4723,0.2057,0.1692,same PASS
143,0.0,9.0,1,0.1896,0.2351,0.0834,0.2441,same PASS
143,1.0,9.0,1,0.4917,0.518,0.0834,0.2497,same PASS
143,2.0,9.0,1,0.6538,0.4584,0.2075,0.1748,same PASS
144,0.0,9.0,1,0.1924,0.2684,0.0815,0.2441,same PASS
144,1.0,9.0,1,0.4935,0.5444,0.0871,0.2469,same PASS
144,2.0,9.0,1,0.6631,0.4945,0.2075,0.1748,same PASS
145,0.0,9.0,1,0.8057,0.8051,0.0815,0.2469,same PASS
145,1.0,9.0,1,0.5083,0.5416,0.0871,0.2469,same PASS
145,2.0,9.0,1,0.3425,0.5971,0.2075,0.1748,same PASS
146,0.0,9.0,1,0.185,0.2032,0.0815,0.2469,same PASS
146,1.0,9.0,1,0.4843,0.4847,0.0871,0.2441,same PASS
146,2.0,9.0,1,0.6464,0.4279,0.2075,0.1748,same PASS
147,0.0,9.0,1,0.2128,0.2393,0.0815,0.2469,same PASS
147,1.0,9.0,1,0.5157,0.5153,0.0871,0.2441,same PASS
147,2.0,9.0,1,0.6779,0.4584,0.2075,0.1748,same PASS
148,0.0,9.0,1,0.3314,0.6068,0.2001,0.172,same PASS
148,1.0,9.0,1,0.4963,0.5541,0.0815,0.2386,same PASS
148,2.0,9.0,1,0.7928,0.8148,0.0815,0.2275,same PASS
149,0.0,9.0,1,0.1915,0.2642,0.0834,0.258,same PASS
149,1.0,9.0,1,0.4954,0.5374,0.0871,0.2441,same PASS
149,2.0,9.0,1,0.6575,0.4889,0.2075,0.1748,same PASS
150,0.0,9.0,1,0.7909,0.8079,0.0778,0.2413,same PASS
150,1.0,9.0,1,0.4935,0.5444,0.0871,0.2413,same PASS
150,2.0,9.0,1,0.3314,0.5971,0.2075,0.1748,same PASS
151,0.0,9.0,1,0.8113,0.7954,0.0778,0.2386,same PASS
151,1.0,9.0,1,0.5139,0.525,0.0871,0.2413,same PASS
151,2.0,9.0,1,0.3462,0.5832,0.2075,0.1748,same PASS
157,0.0,9.0,1,0.8165,0.7197,0.0817,0.2475,same PASS
157,1.0,9.0,1,0.5149,0.4555,0.0873,0.2475,same PASS
157,2.0,9.0,1,0.3468,0.5056,0.2079,0.1752,same PASS
158,0.0,0.0,1,0.5243,0.1999,0.5156,0.2455,misskill
159,0.0,9.0,1,0.8041,0.7884,0.0837,0.248,same PASS
159,1.0,9.0,1,0.5102,0.5223,0.0837,0.2452,same PASS
159,2.0,9.0,1,0.341,0.5669,0.2028,0.1616,same PASS
160,0.0,9.0,1,0.8013,0.794,0.0818,0.248,same PASS
160,1.0,9.0,1,0.4991,0.5209,0.0874,0.248,same PASS
160,2.0,9.0,1,0.3382,0.5766,0.2083,0.1756,same PASS
161,0.0,9.0,1,0.8013,0.794,0.0818,0.248,same PASS
161,1.0,9.0,1,0.4991,0.5209,0.0874,0.248,same PASS
161,2.0,9.0,1,0.3382,0.5766,0.2083,0.1756,same PASS
162,0.0,9.0,1,0.779,0.7578,0.0818,0.248,same PASS
162,1.0,9.0,1,0.4767,0.4902,0.0874,0.248,same PASS
162,2.0,9.0,1,0.314,0.5432,0.2083,0.1756,same PASS
163,0.0,9.0,1,0.7976,0.7745,0.0818,0.248,same PASS
163,1.0,9.0,1,0.4953,0.5028,0.0874,0.2452,same PASS
163,2.0,9.0,1,0.3344,0.5571,0.2083,0.1756,same PASS
187,0.0,9.0,1,0.5194,0.5364,0.622,0.5534,same PASS
188,0.0,9.0,1,0.4817,0.5343,0.3114,0.8242,same PASS
223,0.0,9.0,1,0.4795,0.5123,0.3695,0.799,same PASS
225,0.0,9.0,1,0.5575,0.5184,0.3941,0.885,same PASS
256,0.0,9.0,1,0.4905,0.4643,0.5714,0.5714,same PASS
274,0.0,9.0,1,0.5712,0.48,0.6142,0.4132,same PASS
276,0.0,5.0,1,0.1529,0.3401,0.2403,0.5865,misskill
277,0.0,9.0,1,0.4599,0.4867,0.6587,0.4532,same PASS
279,0.0,9.0,1,0.5,0.4933,0.6142,0.4132,same PASS
280,0.0,9.0,1,0.5445,0.4867,0.5964,0.3999,same PASS
281,0.0,9.0,1,0.5089,0.52,0.6142,0.4132,same PASS
283,0.0,9.0,1,0.5089,0.5333,0.6142,0.4132,same PASS
284,0.0,9.0,1,0.5445,0.46,0.5964,0.4265,same PASS
285,0.0,9.0,1,0.5445,0.5267,0.6142,0.3999,same PASS
286,0.0,9.0,1,0.5178,0.4867,0.5785,0.3732,same PASS
289,0.0,9.0,1,0.4735,0.6254,0.6878,0.5018,same PASS
292,0.0,9.0,1,0.4339,0.5198,0.679,0.5282,same PASS
293,0.0,9.0,1,0.4868,0.5132,0.679,0.5678,same PASS
338,0.0,9.0,1,0.509,0.4498,0.6469,0.4019,same PASS
445,0.0,9.0,1,0.5,0.5879,0.7248,0.5274,same PASS
447,1.0,9.0,1,0.8269,0.5846,0.2986,0.7558,same PASS
449,0.0,9.0,1,0.5654,0.4327,0.7843,0.575,same PASS
450,0.0,9.0,1,0.4911,0.533,0.4005,0.8148,same PASS
451,0.0,9.0,1,0.4911,0.533,0.4005,0.8148,same PASS
452,0.0,9.0,1,0.4911,0.533,0.4005,0.8148,same PASS
453,0.0,9.0,1,0.4911,0.533,0.4005,0.8148,same PASS
454,0.0,9.0,1,0.4911,0.533,0.4005,0.8148,same PASS
460,0.0,9.0,1,0.5139,0.5545,0.4253,0.7875,same PASS
462,0.0,9.0,1,0.4911,0.5339,0.4005,0.8365,same PASS
463,0.0,9.0,1,0.4911,0.5339,0.4005,0.8365,same PASS
464,0.0,9.0,1,0.4911,0.5339,0.4005,0.8365,same PASS
465,0.0,9.0,1,0.4911,0.5339,0.4005,0.8365,same PASS
488,0.0,9.0,1,0.4631,0.5538,0.3695,0.8396,same PASS
489,0.0,9.0,1,0.4548,0.4892,0.3859,0.7535,same PASS
507,0.0,9.0,1,0.3384,0.4714,0.3495,0.7334,same PASS
507,1.0,9.0,1,0.701,0.5974,0.3582,0.7564,same PASS
508,0.0,9.0,1,0.6922,0.5115,0.3408,0.722,same PASS
511,0.0,9.0,1,0.5294,0.5385,0.3292,0.4929,same PASS
512,0.0,9.0,1,0.5,0.527,0.4703,0.2696,same PASS
513,0.0,9.0,1,0.4677,0.3768,0.2646,0.4775,same PASS
514,0.0,9.0,1,0.5176,0.4807,0.2352,0.3774,same PASS
522,0.0,9.0,1,0.4672,0.4569,0.4269,0.7866,same PASS
594,0.0,9.0,1,0.3883,0.5616,0.388,0.2248,same PASS
595,0.0,9.0,1,0.5345,0.4957,0.3451,0.5872,same PASS
598,0.0,9.0,1,0.4724,0.5493,0.3072,0.5381,same PASS
600,0.0,9.0,1,0.3739,0.5856,0.3091,0.5216,same PASS
609,0.0,9.0,1,0.5347,0.4939,0.4464,0.771,same PASS
618,1.0,9.0,1,0.7878,0.3688,0.2946,0.5247,same PASS
619,0.0,9.0,1,0.4877,0.5304,0.4485,0.334,same PASS
620,0.0,9.0,1,0.5215,0.4962,0.2704,0.5237,same PASS
621,0.0,9.0,1,0.4693,0.5038,0.3257,0.463,same PASS
624,2.0,9.0,1,0.6849,0.597,0.2959,0.2053,same PASS
625,0.0,9.0,1,0.4969,0.519,0.3195,0.516,same PASS
626,0.0,9.0,1,0.5061,0.6581,0.2442,0.1506,same PASS
626,1.0,9.0,1,0.5046,0.4849,0.235,0.1656,same PASS
627,0.0,9.0,1,0.5153,0.3287,0.2442,0.1468,same PASS
627,1.0,9.0,1,0.5122,0.4944,0.232,0.1769,same PASS
630,0.0,9.0,1,0.5015,0.3099,0.2534,0.1619,same PASS
630,1.0,9.0,1,0.4985,0.4868,0.2228,0.1619,same PASS
631,0.0,9.0,1,0.5033,0.5242,0.4762,0.3544,same PASS
632,0.0,9.0,1,0.3532,0.4758,0.3196,0.5155,same PASS
634,0.0,9.0,1,0.363,0.5121,0.2479,0.4752,same PASS
642,1.0,8.0,1,0.7265,0.3461,0.3421,0.1996,misskill
642,2.0,9.0,1,0.7265,0.6169,0.3236,0.2281,same PASS
653,0.0,5.0,1,0.8554,0.6746,0.2415,0.4685,misskill
656,1.0,8.0,1,0.7184,0.3738,0.3391,0.2237,misskill
656,2.0,9.0,1,0.7021,0.6176,0.3252,0.2409,same PASS
658,0.0,9.0,1,0.3131,0.3912,0.3104,0.5485,same PASS
701,0.0,9.0,1,0.467,0.4419,0.7355,0.5697,same PASS
703,0.0,9.0,1,0.4481,0.6453,0.6978,0.5581,same PASS
704,0.0,9.0,1,0.5047,0.5714,0.6978,0.571,same PASS
705,0.0,9.0,1,0.4387,0.4231,0.6601,0.4942,same PASS
706,0.0,9.0,1,0.4717,0.4341,0.6695,0.4942,same PASS
707,0.0,9.0,1,0.4859,0.478,0.6789,0.4942,same PASS
708,0.0,9.0,1,0.5283,0.4396,0.6884,0.5051,same PASS
709,0.0,9.0,1,0.5189,0.4286,0.6884,0.4832,same PASS
716,2.0,9.0,1,0.2072,0.3763,0.2896,0.5025,same PASS
721,0.0,9.0,1,0.4476,0.45,0.6381,0.4665,same PASS
722,0.0,9.0,1,0.4476,0.4667,0.7143,0.522,same PASS
723,0.0,9.0,1,0.4857,0.5555,0.7714,0.5887,same PASS
724,0.0,9.0,1,0.4952,0.45,0.7143,0.5109,same PASS
725,0.0,9.0,1,0.4619,0.5111,0.7619,0.5442,same PASS
726,0.0,9.0,1,0.5095,0.4167,0.7048,0.5331,same PASS
727,0.0,9.0,1,0.5619,0.5333,0.7524,0.5442,same PASS
728,0.0,9.0,1,0.4762,0.4722,0.7333,0.5109,same PASS
729,0.0,9.0,1,0.4905,0.4445,0.7619,0.5665,same PASS
731,0.0,9.0,1,0.5095,0.4667,0.7238,0.5442,same PASS
732,0.0,9.0,1,0.481,0.4056,0.7429,0.5331,same PASS
733,0.0,9.0,1,0.481,0.5611,0.6857,0.5331,same PASS
734,0.0,9.0,1,0.4952,0.5777,0.7143,0.522,same PASS
735,0.0,9.0,1,0.4667,0.4556,0.6952,0.522,same PASS
736,0.0,9.0,1,0.5857,0.5056,0.7048,0.5331,same PASS
737,0.0,9.0,1,0.4619,0.4778,0.7238,0.522,same PASS
738,0.0,9.0,1,0.481,0.4,0.6857,0.4998,same PASS
739,0.0,9.0,1,0.4429,0.5056,0.6667,0.5109,same PASS
740,0.0,9.0,1,0.4286,0.6055,0.6762,0.5109,same PASS
743,0.0,9.0,1,0.4714,0.5777,0.6857,0.4998,same PASS
755,0.0,9.0,1,0.6244,0.5786,0.334,0.5546,same PASS
787,0.0,9.0,1,0.411,0.4187,0.4181,0.6502,same PASS
799,0.0,9.0,1,0.5461,0.5984,0.3687,0.5993,same PASS
800,1.0,8.0,1,0.6289,0.5033,0.1232,0.2614,misskill
800,2.0,9.0,1,0.3824,0.4722,0.112,0.232,same PASS
803,2.0,9.0,1,0.6315,0.542,0.119,0.2518,same PASS
804,2.0,9.0,1,0.3865,0.4806,0.1329,0.2389,same PASS
809,0.0,9.0,1,0.5265,0.4295,0.4157,0.6784,same PASS
819,0.0,9.0,1,0.4035,0.4138,0.3089,0.5322,same PASS
822,0.0,9.0,1,0.4574,0.4955,0.4181,0.6681,same PASS
824,0.0,9.0,1,0.7246,0.8782,0.1955,0.1382,same PASS
825,0.0,9.0,1,0.5806,0.603,0.3763,0.6182,same PASS
826,0.0,9.0,1,0.4501,0.4373,0.3917,0.663,same PASS
827,0.0,9.0,1,0.5269,0.509,0.4071,0.6271,same PASS
836,0.0,9.0,1,0.3997,0.5519,0.3008,0.4775,same PASS
846,0.0,9.0,1,0.4275,0.5076,0.4486,0.6169,same PASS
847,0.0,9.0,1,0.5121,0.5089,0.5085,0.6242,same PASS
851,0.0,9.0,1,0.4787,0.5611,0.2976,0.5545,same PASS
852,0.0,9.0,1,0.5126,0.6396,0.3203,0.5861,same PASS
853,0.0,9.0,1,0.6062,0.4546,0.4933,0.3479,same PASS
854,2.0,9.0,1,0.7625,0.2508,0.0667,0.0649,same PASS
855,0.0,9.0,1,0.5128,0.6455,0.4847,0.3567,same PASS
856,0.0,9.0,1,0.4532,0.5798,0.5187,0.3379,same PASS
858,0.0,9.0,1,0.4937,0.4791,0.2964,0.4732,same PASS
861,0.0,9.0,1,0.4911,0.5351,0.4005,0.8657,same PASS
862,0.0,9.0,1,0.3248,0.5281,0.541,0.3188,same PASS
863,0.0,9.0,1,0.3248,0.5281,0.541,0.3188,same PASS
864,0.0,9.0,1,0.3248,0.5281,0.541,0.3188,same PASS
865,0.0,9.0,1,0.3248,0.5281,0.541,0.3188,same PASS
866,0.0,9.0,1,0.3248,0.5281,0.541,0.3188,same PASS
867,1.0,9.0,1,0.7778,0.5814,0.2608,0.4257,same PASS
868,0.0,9.0,1,0.6011,0.6071,0.4635,0.5961,same PASS
869,0.0,9.0,1,0.4911,0.5354,0.4005,0.8733,same PASS
870,0.0,9.0,1,0.4911,0.5354,0.4005,0.8733,same PASS
872,0.0,9.0,1,0.4911,0.5354,0.4005,0.8733,same PASS
873,0.0,9.0,1,0.3248,0.5283,0.541,0.321,same PASS
874,1.0,9.0,1,0.6899,0.6315,0.2778,0.4196,same PASS
875,0.0,9.0,1,0.348,0.5224,0.2634,0.4085,same PASS
875,1.0,9.0,1,0.5583,0.6007,0.2685,0.4197,same PASS
875,2.0,9.0,1,0.1505,0.4217,0.2533,0.4197,same PASS
876,0.0,9.0,1,0.3227,0.5252,0.2837,0.4365,same PASS
876,1.0,9.0,1,0.5355,0.6091,0.2837,0.4365,same PASS
876,2.0,9.0,1,0.7432,0.7043,0.2837,0.4365,same PASS
877,0.0,9.0,1,0.42,0.447,0.3281,0.5653,same PASS
878,0.0,9.0,1,0.5721,0.4965,0.3446,0.4778,same PASS
879,0.0,9.0,1,0.6159,0.4723,0.3697,0.4847,same PASS
880,0.0,9.0,1,0.5877,0.4723,0.3509,0.4709,same PASS
881,0.0,9.0,1,0.5877,0.545,0.3634,0.4916,same PASS
883,0.0,9.0,1,0.7682,0.4743,0.1642,0.2268,same PASS
884,0.0,9.0,1,0.7299,0.438,0.1587,0.2268,same PASS
885,0.0,9.0,1,0.7271,0.441,0.1916,0.2449,same PASS
886,0.0,9.0,1,0.7217,0.4304,0.1533,0.2298,same PASS
888,0.0,9.0,1,0.7299,0.4425,0.197,0.248,same PASS
892,0.0,9.0,1,0.4099,0.4052,0.4805,0.6729,same PASS
893,0.0,9.0,1,0.7594,0.4621,0.1592,0.2333,same PASS
894,0.0,9.0,1,0.7292,0.4349,0.1537,0.2151,same PASS
895,0.0,9.0,1,0.7319,0.4394,0.1537,0.2181,same PASS
896,0.0,9.0,1,0.7333,0.4424,0.1674,0.2245,same PASS
897,0.0,9.0,1,0.7278,0.4338,0.1729,0.2245,same PASS
898,0.0,9.0,1,0.7278,0.4381,0.151,0.1986,same PASS
899,0.0,9.0,1,0.7223,0.4281,0.1674,0.2302,same PASS
900,0.0,9.0,1,0.517,0.4688,0.4932,0.5973,same PASS
901,0.0,9.0,1,0.5723,0.5936,0.4677,0.5973,same PASS
902,0.0,9.0,1,0.4022,0.4108,0.4677,0.6241,same PASS
903,0.0,9.0,1,0.4759,0.462,0.1929,0.4302,same PASS
904,0.0,9.0,1,0.5,0.4367,0.1929,0.4302,same PASS
906,0.0,9.0,1,0.4156,0.3988,0.1929,0.4302,same PASS
907,0.0,9.0,1,0.494,0.5063,0.1929,0.4302,same PASS
908,0.0,9.0,1,0.4518,0.481,0.1929,0.4302,same PASS
909,0.0,9.0,1,0.4699,0.4494,0.1929,0.4302,same PASS
911,0.0,9.0,1,0.5121,0.481,0.1929,0.4302,same PASS
912,0.0,9.0,1,0.5542,0.5886,0.1929,0.4302,same PASS
913,0.0,9.0,1,0.4638,0.481,0.1929,0.4302,same PASS
914,0.0,9.0,1,0.5663,0.5886,0.1929,0.4302,same PASS
917,0.0,9.0,1,0.4518,0.4494,0.1929,0.4302,same PASS
918,0.0,9.0,1,0.5482,0.5316,0.1929,0.4302,same PASS
920,0.0,9.0,1,0.4397,0.4494,0.1929,0.4302,same PASS
921,0.0,9.0,1,0.4516,0.5635,0.2906,0.5332,same PASS
922,0.0,9.0,1,0.5404,0.555,0.3067,0.5332,same PASS
923,0.0,9.0,1,0.5363,0.4704,0.2825,0.5501,same PASS
924,0.0,9.0,1,0.5323,0.3392,0.3067,0.5247,same PASS
925,0.0,9.0,1,0.4395,0.555,0.3471,0.5332,same PASS
926,0.0,9.0,1,0.4233,0.4154,0.3148,0.5247,same PASS
927,0.0,9.0,1,0.4516,0.4915,0.3228,0.5247,same PASS
929,0.0,9.0,1,0.5242,0.4154,0.3067,0.5417,same PASS
930,0.0,9.0,1,0.5282,0.5254,0.2986,0.5417,same PASS
931,0.0,9.0,1,0.5121,0.5635,0.2986,0.5332,same PASS
932,0.0,9.0,1,0.4718,0.627,0.2986,0.5247,same PASS
933,0.0,9.0,1,0.5525,0.5973,0.3471,0.6009,same PASS
939,0.0,8.0,1,0.2764,0.5814,0.1263,0.2097,misskill
940,1.0,9.0,1,0.7447,0.4324,0.1368,0.2097,same PASS
941,1.0,9.0,1,0.5158,0.5221,0.1263,0.218,same PASS
942,0.0,9.0,1,0.3803,0.5713,0.2667,0.3538,same PASS
944,0.0,9.0,1,0.4509,0.4881,0.3401,0.5316,same PASS
950,0.0,9.0,1,0.4808,0.5546,0.2682,0.3562,same PASS
951,0.0,9.0,1,0.3714,0.5144,0.2682,0.3562,same PASS
952,0.0,9.0,1,0.5027,0.5259,0.2682,0.3562,same PASS
964,0.0,9.0,1,0.3933,0.612,0.2682,0.3562,same PASS
965,0.0,9.0,1,0.3933,0.6178,0.2682,0.3562,same PASS
970,0.0,9.0,1,0.3905,0.5891,0.2737,0.3562,same PASS
972,0.0,9.0,1,0.3768,0.5776,0.2682,0.3562,same PASS
973,0.0,9.0,1,0.3659,0.6063,0.2682,0.3562,same PASS
980,0.0,9.0,1,0.5133,0.5118,0.1598,0.1139,same PASS
980,1.0,9.0,1,0.4652,0.629,0.1782,0.1118,same PASS
980,2.0,9.0,1,0.3331,0.7214,0.1679,0.1247,same PASS
981,0.0,9.0,1,0.5694,0.4967,0.3469,0.4234,same PASS
1067,0.0,9.0,1,0.532,0.4899,0.3515,0.4494,same PASS
1076,0.0,9.0,1,0.4916,0.5751,0.2528,0.3049,same PASS
1077,0.0,9.0,1,0.5806,0.4476,0.4531,0.5403,same PASS
1080,0.0,9.0,1,0.6263,0.5113,0.3968,0.5825,same PASS
1082,0.0,9.0,1,0.3592,0.4218,0.5383,0.5737,same PASS
1084,0.0,9.0,1,0.4855,0.4807,0.0823,0.0631,same PASS
1086,0.0,9.0,1,0.4489,0.4899,0.4283,0.4359,same PASS
1087,0.0,9.0,1,0.4808,0.4765,0.4155,0.4493,same PASS
1088,0.0,8.0,1,0.2463,0.2619,0.4294,0.4293,misskill
1092,0.0,9.0,1,0.2206,0.7149,0.2017,0.2612,same PASS
1096,1.0,9.0,1,0.1927,0.5602,0.085,0.0661,same PASS
1096,2.0,9.0,1,0.2471,0.6727,0.079,0.0661,same PASS
1100,0.0,9.0,1,0.4514,0.5356,0.298,0.4531,same PASS
1103,0.0,9.0,1,0.513,0.5129,0.3952,0.4078,same PASS
1104,0.0,9.0,1,0.8037,0.1889,0.3449,0.2931,same PASS
1104,1.0,9.0,1,0.1885,0.4074,0.3192,0.3908,same PASS
1104,2.0,9.0,1,0.5952,0.5848,0.3707,0.3754,same PASS
1105,2.0,9.0,1,0.2461,0.6707,0.0751,0.071,same PASS
1108,0.0,9.0,1,0.4556,0.4778,0.4063,0.4501,same PASS
1135,1.0,8.0,1,0.4,0.2842,0.4962,0.4955,misskill
1161,0.0,9.0,1,0.441,0.4705,0.2781,0.2146,same PASS
1168,0.0,9.0,1,0.5799,0.5192,0.4474,0.4601,same PASS
1169,0.0,9.0,1,0.5895,0.5,0.441,0.4346,same PASS
1171,0.0,9.0,1,0.4212,0.5,0.4541,0.4791,same PASS
1172,0.0,9.0,1,0.4085,0.5095,0.4541,0.4854,same PASS
1173,0.0,9.0,1,0.5694,0.5914,0.4226,0.435,same PASS
1174,0.0,9.0,1,0.6167,0.5347,0.4541,0.4476,same PASS
1175,0.0,9.0,1,0.4117,0.4496,0.4226,0.4413,same PASS
1177,0.0,9.0,1,0.6072,0.5788,0.4352,0.435,same PASS
1179,0.0,9.0,1,0.5978,0.541,0.4415,0.435,same PASS
1180,0.0,9.0,1,0.4054,0.4653,0.4604,0.4476,same PASS
1181,0.0,9.0,1,0.6167,0.563,0.4667,0.4791,same PASS
1183,0.0,9.0,1,0.8034,0.1677,0.1945,0.1596,same PASS
1183,1.0,9.0,1,0.2808,0.2504,0.1539,0.209,same PASS
1184,0.0,9.0,1,0.8092,0.1691,0.2003,0.1683,same PASS
1184,1.0,9.0,1,0.2764,0.2577,0.1452,0.1945,same PASS
1185,0.0,9.0,1,0.8121,0.1619,0.2178,0.177,same PASS
1185,1.0,9.0,1,0.2779,0.2606,0.1539,0.2119,same PASS
1186,0.0,9.0,1,0.2634,0.2591,0.1597,0.2032,same PASS
1186,1.0,9.0,1,0.7875,0.1691,0.2033,0.1683,same PASS
1193,0.0,9.0,1,0.7135,0.5492,0.2627,0.5574,same PASS
1208,3.0,12.0,1,0.7572,0.7289,0.3158,0.3561,misskill
1212,0.0,9.0,1,0.381,0.3921,0.4613,0.4836,same PASS
1213,0.0,9.0,1,0.5196,0.4951,0.432,0.4467,same PASS
1214,0.0,9.0,1,0.7837,0.1774,0.1997,0.1591,same PASS
1214,1.0,9.0,1,0.2641,0.2786,0.1621,0.2054,same PASS
1223,1.0,0.0,1,0.5,0.4134,0.4595,0.606,misskill
1238,0.0,9.0,1,0.4485,0.455,0.3003,0.3173,same PASS
1241,0.0,9.0,1,0.53,0.4078,0.2746,0.3087,same PASS
1252,0.0,9.0,1,0.6023,0.5767,0.4283,0.4407,same PASS
1253,1.0,9.0,1,0.6709,0.7957,0.3907,0.3475,same PASS
1254,1.0,9.0,1,0.7595,0.7622,0.3358,0.4146,same PASS
1256,1.0,9.0,1,0.6618,0.7652,0.3602,0.3841,same PASS
1275,0.0,9.0,1,0.5123,0.5,0.4762,0.4317,same PASS
1276,0.0,9.0,1,0.5295,0.4608,0.4124,0.3925,same PASS
1277,0.0,9.0,1,0.5466,0.4853,0.378,0.3827,same PASS
1278,0.0,9.0,1,0.5196,0.5221,0.4222,0.4465,same PASS
1279,0.0,9.0,1,0.4607,0.5221,0.4516,0.4563,same PASS
1280,0.0,9.0,1,0.4853,0.4926,0.4124,0.4465,same PASS
1281,0.0,9.0,1,0.5344,0.4951,0.5007,0.4906,same PASS
1283,0.0,9.0,1,0.5417,0.5049,0.4664,0.4514,same PASS
1284,0.0,9.0,1,0.5196,0.5025,0.5106,0.4465,same PASS
1285,0.0,9.0,1,0.5123,0.5172,0.4369,0.4072,same PASS
1286,0.0,9.0,1,0.5196,0.5392,0.4909,0.4808,same PASS
1287,0.0,9.0,1,0.5344,0.4926,0.4026,0.4268,same PASS
1288,0.0,9.0,1,0.5221,0.4975,0.4173,0.4072,same PASS
1290,0.0,9.0,1,0.554,0.4902,0.4615,0.4514,same PASS
1291,0.0,9.0,1,0.5344,0.4828,0.4713,0.4661,same PASS
1292,0.0,9.0,1,0.5147,0.5172,0.4026,0.4072,same PASS
1293,0.0,9.0,1,0.5074,0.5049,0.3682,0.3729,same PASS
1296,0.0,9.0,1,0.4926,0.4975,0.3976,0.4268,same PASS
1297,0.0,9.0,1,0.5319,0.4828,0.3878,0.3974,same PASS
1298,0.0,9.0,1,0.554,0.5074,0.4026,0.417,same PASS
1299,0.0,9.0,1,0.4877,0.473,0.4369,0.4072,same PASS
1300,0.0,9.0,1,0.554,0.5638,0.4615,0.4317,same PASS
1301,0.0,9.0,1,0.5123,0.5123,0.4173,0.4661,same PASS
1302,0.0,9.0,1,0.5147,0.5294,0.4418,0.4808,same PASS
1303,0.0,9.0,1,0.5295,0.4951,0.4418,0.4317,same PASS
1305,0.0,9.0,1,0.5,0.4632,0.4124,0.4268,same PASS
1306,0.0,9.0,1,0.4926,0.4657,0.3976,0.4023,same PASS
1307,0.0,9.0,1,0.4755,0.5196,0.4222,0.4317,same PASS
1308,0.0,9.0,1,0.5172,0.4828,0.4173,0.4072,same PASS
1309,0.0,9.0,1,0.5368,0.4706,0.4467,0.4514,same PASS
1310,0.0,9.0,1,0.4902,0.4779,0.4418,0.4366,same PASS
1311,0.0,9.0,1,0.4779,0.4828,0.4173,0.4366,same PASS
1312,0.0,9.0,1,0.4975,0.4975,0.378,0.3876,same PASS
1313,0.0,9.0,1,0.5221,0.4828,0.378,0.3974,same PASS
1314,0.0,9.0,1,0.4975,0.4804,0.3878,0.3925,same PASS
1315,0.0,9.0,1,0.5245,0.5049,0.4516,0.4317,same PASS
1316,0.0,9.0,1,0.4779,0.4706,0.4369,0.4219,same PASS
1317,0.0,9.0,1,0.5049,0.5074,0.4124,0.417,same PASS
1320,0.0,9.0,1,0.5196,0.5368,0.4026,0.4072,same PASS
1321,0.0,9.0,1,0.4951,0.4804,0.3927,0.4023,same PASS
1322,0.0,9.0,1,0.4951,0.473,0.432,0.3876,same PASS
1323,0.0,9.0,1,0.5,0.4902,0.3927,0.3925,same PASS
1324,0.0,9.0,1,0.4926,0.4951,0.4173,0.4317,same PASS
1325,0.0,9.0,1,0.5,0.4755,0.4222,0.4121,same PASS
1326,0.0,9.0,1,0.5319,0.5098,0.4075,0.4121,same PASS
1327,0.0,9.0,1,0.5491,0.4951,0.3927,0.3827,same PASS
1328,0.0,9.0,1,0.5221,0.4828,0.3682,0.3974,same PASS
1329,0.0,9.0,1,0.5245,0.527,0.3535,0.3778,same PASS
1331,0.0,9.0,1,0.473,0.4804,0.4566,0.4219,same PASS
1332,0.0,9.0,1,0.5196,0.5049,0.4026,0.4317,same PASS
1342,0.0,9.0,1,0.5245,0.5123,0.3829,0.3974,same PASS
1343,0.0,9.0,1,0.5,0.5,0.4124,0.4121,same PASS
1357,0.0,9.0,1,0.5872,0.3801,0.4726,0.3707,same PASS
1358,0.0,9.0,1,0.5,0.4642,0.5371,0.5441,same PASS
1358,1.0,9.0,1,0.7184,0.6718,0.5156,0.5154,same PASS
1360,1.0,9.0,1,0.7588,0.3321,0.0869,0.0523,same PASS
1360,2.0,9.0,1,0.8132,0.4477,0.0909,0.076,same PASS
1364,0.0,9.0,1,0.4708,0.5,0.4017,0.4142,same PASS
1365,0.0,9.0,1,0.4808,0.5734,0.4155,0.415,same PASS
1371,2.0,9.0,1,0.2649,0.661,0.0711,0.0613,same PASS
1371,3.0,9.0,1,0.1962,0.542,0.0958,0.0603,same PASS
1382,0.0,9.0,1,0.5342,0.4658,0.3935,0.2281,same PASS
1391,0.0,9.0,1,0.4458,0.5143,0.3992,0.2338,same PASS
1396,0.0,9.0,1,0.5143,0.5228,0.4334,0.2395,same PASS
1398,0.0,9.0,1,0.4772,0.5314,0.4163,0.268,same PASS
1400,0.0,9.0,1,0.5257,0.4914,0.1825,0.4048,same PASS
1401,0.0,9.0,1,0.52,0.4658,0.2053,0.3763,same PASS
1402,0.0,9.0,1,0.3888,0.5827,0.1939,0.3592,same PASS
1403,0.0,9.0,1,0.4002,0.4002,0.2053,0.382,same PASS
1404,0.0,9.0,1,0.6141,0.4743,0.211,0.3706,same PASS
1405,0.0,9.0,1,0.4002,0.5314,0.1939,0.3478,same PASS
1407,0.0,9.0,1,0.5941,0.4857,0.1939,0.3706,same PASS
1408,0.0,9.0,1,0.5143,0.4629,0.3992,0.1881,same PASS
1409,0.0,9.0,1,0.3346,0.5086,0.1882,0.3478,same PASS
1409,1.0,9.0,1,0.5912,0.5086,0.1882,0.3478,same PASS
1411,0.0,9.0,1,0.3774,0.557,0.2053,0.3649,same PASS
1411,1.0,9.0,1,0.634,0.5513,0.2053,0.3649,same PASS
1413,0.0,9.0,1,0.4971,0.4857,0.3992,0.1767,same PASS
1415,0.0,9.0,1,0.5371,0.5314,0.2167,0.3934,same PASS
1418,0.0,9.0,1,0.549,0.4674,0.3864,0.2502,same PASS
1419,0.0,9.0,1,0.5054,0.5843,0.3755,0.2339,same PASS
1422,0.0,9.0,1,0.5816,0.568,0.4082,0.2339,same PASS
1423,0.0,9.0,1,0.5517,0.4456,0.381,0.2393,same PASS
1424,0.0,9.0,1,0.5244,0.5216,0.2219,0.384,same PASS
1425,0.0,9.0,1,0.4432,0.5108,0.2327,0.384,same PASS
1426,0.0,9.0,1,0.5216,0.4486,0.2489,0.3786,same PASS
1427,0.0,9.0,1,0.4269,0.4784,0.2435,0.384,same PASS
1428,0.0,9.0,1,0.4513,0.4621,0.2381,0.3948,same PASS
1429,0.0,9.0,1,0.5081,0.4432,0.2327,0.3894,same PASS
1430,0.0,9.0,1,0.5595,0.5189,0.2489,0.4002,same PASS
1431,0.0,9.0,1,0.4865,0.5189,0.2219,0.3786,same PASS
1432,0.0,9.0,1,0.5379,0.4757,0.2273,0.3894,same PASS
1434,0.0,9.0,1,0.5397,0.5,0.4663,0.4707,same PASS
1435,0.0,9.0,1,0.5471,0.505,0.3819,0.3915,same PASS
1436,0.0,9.0,1,0.4876,0.4752,0.4315,0.4113,same PASS
1439,0.0,9.0,1,0.4975,0.5049,0.4145,0.4141,same PASS
1441,0.0,9.0,1,0.5,0.5,0.293,0.2149,same PASS
1442,0.0,9.0,1,0.4681,0.5,0.1777,0.273,same PASS
1445,1.0,9.0,1,0.5854,0.7243,0.3504,0.2108,same PASS
1451,0.0,9.0,1,0.4768,0.4979,0.3076,0.2444,same PASS
1463,0.0,9.0,1,0.5057,0.5342,0.1768,0.3593,same PASS
1483,0.0,9.0,1,0.5626,0.5054,0.2395,0.4082,same PASS
1486,0.0,9.0,1,0.5287,0.5057,0.1951,0.4016,same PASS
1489,0.0,9.0,1,0.4456,0.4619,0.2122,0.3864,same PASS
1490,0.0,9.0,1,0.5626,0.5109,0.2177,0.3755,same PASS
1491,0.0,9.0,1,0.549,0.519,0.4082,0.2503,same PASS
1492,0.0,9.0,1,0.5653,0.4755,0.3755,0.2612,same PASS
1493,0.0,9.0,1,0.5599,0.4973,0.3864,0.2503,same PASS
1495,0.0,9.0,1,0.451,0.4946,0.2231,0.3864,same PASS
1496,0.0,9.0,1,0.5517,0.5218,0.3918,0.2231,same PASS
1497,0.0,9.0,1,0.5,0.5,0.2122,0.3755,same PASS
1498,0.0,9.0,1,0.5027,0.5164,0.3886,0.2408,same PASS
1499,0.0,9.0,1,0.5599,0.549,0.234,0.3864,same PASS
1500,0.0,9.0,1,0.5575,0.5465,0.3886,0.2463,same PASS
1501,0.0,9.0,1,0.4891,0.4429,0.3755,0.2286,same PASS
1502,0.0,9.0,1,0.4537,0.5789,0.4027,0.2286,same PASS
1503,0.0,9.0,1,0.5653,0.4673,0.3973,0.234,same PASS
1504,0.0,9.0,1,0.5082,0.4562,0.2244,0.3941,same PASS
1505,0.0,9.0,1,0.5544,0.5571,0.3864,0.2395,same PASS
1513,0.0,9.0,1,0.5544,0.5245,0.2231,0.3701,same PASS
1514,0.0,9.0,1,0.4836,0.4672,0.2408,0.3831,same PASS
1526,0.0,9.0,1,0.4456,0.4891,0.2122,0.3755,same PASS
1531,0.0,9.0,1,0.5653,0.5109,0.2231,0.3864,same PASS
1534,0.0,9.0,1,0.52,0.4772,0.2167,0.3707,same PASS
1534,1.0,9.0,1,0.269,0.4772,0.2167,0.3707,same PASS
1536,0.0,9.0,1,0.4002,0.5228,0.2167,0.3935,same PASS
1537,0.0,9.0,1,0.4025,0.5229,0.2065,0.3901,same PASS
1538,0.0,9.0,1,0.3853,0.5545,0.2065,0.3844,same PASS
1542,0.0,9.0,1,0.5363,0.5159,0.3447,0.2494,same PASS
1543,0.0,9.0,1,0.4116,0.4977,0.2313,0.3311,same PASS
1544,0.0,9.0,1,0.4614,0.5547,0.399,0.4054,same PASS
1546,0.0,9.0,1,0.5889,0.4627,0.2123,0.3844,same PASS
1559,0.0,9.0,1,0.5,0.5029,0.4049,0.2509,same PASS
1561,0.0,9.0,1,0.3859,0.5314,0.211,0.365,same PASS
1562,0.0,9.0,1,0.5855,0.5114,0.1768,0.3707,same PASS
1563,0.0,9.0,1,0.5827,0.5143,0.1825,0.365,same PASS
1567,0.0,9.0,1,0.3802,0.5314,0.1882,0.365,same PASS
1567,1.0,9.0,1,0.6369,0.52,0.1882,0.365,same PASS
1568,0.0,9.0,1,0.6397,0.634,0.2053,0.3764,same PASS
1568,1.0,9.0,1,0.3774,0.634,0.2053,0.3764,same PASS
1569,0.0,9.0,1,0.3859,0.4686,0.1996,0.365,same PASS
1569,1.0,9.0,1,0.654,0.4686,0.1996,0.365,same PASS
1579,0.0,9.0,1,0.4829,0.5114,0.1882,0.3821,same PASS
1580,0.0,9.0,1,0.5969,0.4829,0.211,0.3593,same PASS
1581,0.0,9.0,1,0.5969,0.5086,0.1996,0.3878,same PASS
1582,0.0,9.0,1,0.5941,0.5029,0.1939,0.365,same PASS
1583,0.0,9.0,1,0.5713,0.366,0.1939,0.365,same PASS
1584,0.0,9.0,1,0.3774,0.4401,0.1825,0.3536,same PASS
1585,0.0,9.0,1,0.4572,0.4601,0.1939,0.3707,same PASS
1586,0.0,9.0,1,0.4829,0.5371,0.1882,0.3536,same PASS
1587,0.0,9.0,1,0.4658,0.5086,0.1882,0.3764,same PASS
1588,0.0,9.0,1,0.5912,0.5086,0.1768,0.3764,same PASS
1589,0.0,9.0,1,0.4601,0.5428,0.1996,0.3764,same PASS
1590,0.0,9.0,1,0.5257,0.5228,0.1939,0.3935,same PASS
1604,0.0,9.0,1,0.4259,0.5143,0.4049,0.2167,same PASS
1605,0.0,9.0,1,0.5485,0.5057,0.3878,0.2224,same PASS
1607,1.0,9.0,1,0.7983,0.4943,0.1951,0.4475,same PASS
1608,1.0,8.0,1,0.1959,0.5057,0.2754,0.4934,misskill
1618,0.0,9.0,1,0.4857,0.4713,0.1779,0.3901,same PASS
1642,0.0,9.0,1,0.4487,0.4971,0.3593,0.2167,same PASS
1643,0.0,9.0,1,0.4886,0.4914,0.3935,0.2281,same PASS
1644,0.0,9.0,1,0.5114,0.4971,0.3935,0.2509,same PASS
1650,0.0,9.0,1,0.4857,0.5057,0.3844,0.218,same PASS
1650,1.0,9.0,1,0.4742,0.2533,0.3844,0.218,same PASS
1651,0.0,9.0,1,0.4885,0.5229,0.3787,0.218,same PASS
1651,1.0,9.0,1,0.4943,0.7697,0.3787,0.218,same PASS
1652,0.0,9.0,1,0.5171,0.5285,0.3821,0.2338,same PASS
1657,0.0,9.0,1,0.4294,0.4635,0.2005,0.2871,same PASS
1658,0.0,9.0,1,0.5661,0.5501,0.2005,0.2871,same PASS
1659,0.0,9.0,1,0.5797,0.5068,0.1914,0.2734,same PASS
1660,0.0,9.0,1,0.6071,0.5547,0.2096,0.278,same PASS
1661,0.0,9.0,1,0.4271,0.4749,0.1959,0.2643,same PASS
1663,0.0,9.0,1,0.5091,0.5023,0.3053,0.2096,same PASS
1666,0.0,9.0,1,0.4768,0.5,0.2823,0.2191,same PASS
1669,0.0,9.0,1,0.507,0.5175,0.5182,0.5532,same PASS
1671,0.0,9.0,1,0.5046,0.5046,0.278,0.1959,same PASS
1678,0.0,9.0,1,0.4157,0.4635,0.2096,0.2871,same PASS
1679,0.0,9.0,1,0.5387,0.4886,0.3008,0.2005,same PASS
1680,0.0,9.0,1,0.5433,0.4863,0.2916,0.2142,same PASS
1682,0.0,9.0,1,0.4909,0.4772,0.1868,0.278,same PASS
1683,0.0,9.0,1,0.4544,0.5114,0.1959,0.2734,same PASS
1684,0.0,9.0,1,0.5068,0.5501,0.1914,0.2689,same PASS
1689,0.0,9.0,1,0.4066,0.4635,0.2187,0.3326,same PASS
1690,0.0,9.0,1,0.5513,0.4715,0.4391,0.2338,same PASS
1691,0.0,9.0,1,0.5797,0.5319,0.2187,0.3326,same PASS
1693,0.0,9.0,1,0.5797,0.5273,0.2187,0.3326,same PASS
1694,0.0,9.0,1,0.601,0.4242,0.4906,0.5411,same PASS
1700,0.0,9.0,1,0.4841,0.5319,0.2187,0.3326,same PASS
1701,0.0,9.0,1,0.5752,0.5319,0.2187,0.3326,same PASS
1702,0.0,9.0,1,0.598,0.4909,0.2187,0.3326,same PASS
1703,0.0,9.0,1,0.5524,0.5911,0.2187,0.3326,same PASS
1707,0.0,9.0,1,0.4803,0.5702,0.3336,0.2326,same PASS
1707,1.0,9.0,1,0.1708,0.5417,0.2326,0.3248,same PASS
1708,0.0,9.0,1,0.5205,0.4886,0.2916,0.2005,same PASS
1709,0.0,9.0,1,0.5114,0.4863,0.2916,0.1959,same PASS
1710,0.0,9.0,1,0.5159,0.4932,0.2734,0.2096,same PASS
1711,0.0,9.0,1,0.5319,0.4909,0.2689,0.1959,same PASS
1712,0.0,9.0,1,0.459,0.5706,0.2597,0.2005,same PASS
1713,0.0,9.0,1,0.5114,0.4886,0.2734,0.2005,same PASS
1714,0.0,9.0,1,0.5068,0.5,0.2825,0.2142,same PASS
1715,0.0,9.0,1,0.5137,0.5,0.2962,0.2142,same PASS
1716,0.0,9.0,1,0.4749,0.5775,0.2734,0.2051,same PASS
1717,0.0,9.0,1,0.5137,0.5159,0.2689,0.2005,same PASS
1726,0.0,9.0,1,0.4772,0.5638,0.2962,0.2142,same PASS
1727,0.0,9.0,1,0.4795,0.5091,0.3008,0.2142,same PASS
1728,0.0,9.0,1,0.4453,0.5684,0.278,0.2051,same PASS
1729,0.0,9.0,1,0.4886,0.5684,0.2734,0.2142,same PASS
1730,0.0,9.0,1,0.4408,0.4772,0.278,0.2051,same PASS
1732,0.0,9.0,1,0.4795,0.5775,0.3099,0.2051,same PASS
1733,0.0,9.0,1,0.5114,0.4954,0.2734,0.2051,same PASS
1734,0.0,9.0,1,0.5114,0.4954,0.1823,0.2689,same PASS
1735,0.0,9.0,1,0.4977,0.5068,0.2734,0.2005,same PASS
1736,0.0,9.0,1,0.4977,0.5023,0.3099,0.2278,same PASS
1737,0.0,9.0,1,0.4851,0.534,0.2934,0.2466,same PASS
1738,0.0,9.0,1,0.5046,0.4977,0.2871,0.2096,same PASS
1739,0.0,9.0,1,0.4909,0.5046,0.278,0.2233,same PASS
1740,0.0,9.0,1,0.4932,0.5,0.2825,0.2051,same PASS
1741,0.0,9.0,1,0.5274,0.5,0.3329,0.2781,same PASS
1742,0.0,9.0,1,0.4932,0.5866,0.2825,0.2051,same PASS
1743,0.0,9.0,1,0.5091,0.5023,0.2962,0.2096,same PASS
1744,0.0,9.0,1,0.5,0.5,0.2296,0.2891,same PASS
1745,0.0,0.0,1,0.4852,0.4788,0.2286,0.309,misskill
1746,0.0,9.0,1,0.5068,0.4977,0.2825,0.2005,same PASS
1749,0.0,9.0,1,0.46,0.5674,0.3623,0.236,same PASS
1750,0.0,9.0,1,0.4767,0.5148,0.2412,0.3386,same PASS
1759,0.0,9.0,1,0.4946,0.5758,0.2217,0.368,same PASS
1760,0.0,9.0,1,0.4378,0.4784,0.238,0.3896,same PASS
1761,0.0,9.0,1,0.5541,0.5244,0.2542,0.3842,same PASS
1762,0.0,9.0,1,0.5622,0.4756,0.2488,0.395,same PASS
1763,0.0,9.0,1,0.5676,0.5081,0.2271,0.3842,same PASS
1764,0.0,9.0,1,0.5108,0.4973,0.2326,0.395,same PASS
1765,0.0,9.0,1,0.519,0.5844,0.3753,0.2286,same PASS
1766,0.0,9.0,1,0.5544,0.5707,0.3916,0.2449,same PASS
1767,0.0,9.0,1,0.4837,0.5327,0.4243,0.2449,same PASS
1768,0.0,9.0,1,0.5408,0.5027,0.4079,0.2503,same PASS
1769,0.0,9.0,1,0.5571,0.4456,0.4188,0.2667,same PASS
1773,0.0,9.0,1,0.3917,0.6084,0.2167,0.3707,same PASS
1774,0.0,9.0,1,0.4259,0.5143,0.3877,0.2395,same PASS
1778,0.0,9.0,1,0.4886,0.4857,0.1824,0.4106,same PASS
1780,0.0,9.0,1,0.4829,0.5029,0.1824,0.365,same PASS
1781,0.0,9.0,1,0.3945,0.5314,0.1881,0.3764,same PASS
1782,0.0,9.0,1,0.4031,0.5485,0.2052,0.365,same PASS
1783,0.0,9.0,1,0.4116,0.5257,0.211,0.3878,same PASS
1785,0.0,9.0,1,0.4031,0.5257,0.1938,0.365,same PASS
1790,0.0,9.0,1,0.5029,0.5228,0.4048,0.2452,same PASS
1791,0.0,9.0,1,0.5428,0.4686,0.3934,0.2167,same PASS
1793,0.0,9.0,1,0.5342,0.5143,0.1938,0.3764,same PASS
1799,0.0,9.0,1,0.48,0.5,0.382,0.2452,same PASS
1801,0.0,9.0,1,0.5171,0.4943,0.3877,0.2452,same PASS
1802,0.0,9.0,1,0.4914,0.5086,0.382,0.2053,same PASS
1804,0.0,9.0,1,0.5171,0.52,0.1824,0.422,same PASS
1811,0.0,8.0,1,0.3974,0.5428,0.2052,0.365,misskill
1813,0.0,9.0,1,0.5285,0.5029,0.3991,0.2167,same PASS
1828,0.0,9.0,1,0.5045,0.505,0.0762,0.0653,same PASS
1829,0.0,9.0,1,0.5297,0.4842,0.0752,0.0634,same PASS
1831,0.0,9.0,1,0.4936,0.5045,0.0723,0.0624,same PASS
1832,0.0,9.0,1,0.4975,0.503,0.0723,0.0515,same PASS
1833,0.0,9.0,1,0.4946,0.499,0.0861,0.0634,same PASS
1834,0.0,9.0,1,0.3843,0.4485,0.4178,0.399,same PASS
1838,0.0,9.0,1,0.398,0.4048,0.3739,0.381,same PASS
1839,0.0,9.0,1,0.3758,0.4793,0.3656,0.4003,same PASS
1844,0.0,9.0,1,0.6912,0.2114,0.4328,0.3608,same PASS
1846,1.0,9.0,1,0.7325,0.3302,0.4356,0.5242,same PASS
1853,0.0,9.0,1,0.481,0.5,0.3807,0.3937,same PASS
1854,0.0,9.0,1,0.5,0.4841,0.4187,0.4127,same PASS
1869,0.0,9.0,1,0.4746,0.4491,0.3779,0.4435,same PASS
1869,1.0,9.0,1,0.2275,0.7036,0.3924,0.458,same PASS
1873,0.0,9.0,1,0.5037,0.6012,0.4792,0.4949,same PASS
1880,0.0,9.0,1,0.4449,0.3583,0.4641,0.5431,same PASS
1882,0.0,9.0,1,0.615,0.5635,0.4363,0.4603,same PASS
1886,0.0,9.0,1,0.3853,0.6786,0.4163,0.5952,same PASS
1902,0.0,9.0,1,0.479,0.591,0.4965,0.4342,same PASS
1902,1.0,9.0,1,0.6643,0.3775,0.5035,0.4272,same PASS
1903,1.0,9.0,1,0.6888,0.2444,0.4406,0.4132,same PASS
1912,0.0,9.0,1,0.4791,0.5334,0.5846,0.5681,same PASS
1915,0.0,9.0,1,0.5094,0.406,0.4322,0.3509,same PASS
1917,0.0,9.0,1,0.5,0.4937,0.3931,0.381,same PASS
1918,0.0,9.0,1,0.3726,0.6063,0.6029,0.5527,same PASS
1920,0.0,9.0,1,0.4198,0.6488,0.6331,0.5357,same PASS
1921,0.0,9.0,1,0.3306,0.5893,0.5974,0.5697,same PASS
1922,0.0,9.0,1,0.3395,0.6233,0.6331,0.5867,same PASS
1923,0.0,9.0,1,0.3306,0.5935,0.5974,0.5272,same PASS
1924,0.0,9.0,1,0.3395,0.5935,0.5974,0.5442,same PASS
1927,0.0,9.0,1,0.3618,0.6403,0.5706,0.5527,same PASS
1928,0.0,9.0,1,0.4019,0.6361,0.5796,0.5272,same PASS
1929,0.0,9.0,1,0.4897,0.4935,0.4449,0.3783,same PASS
1938,0.0,9.0,1,0.4358,0.568,0.4281,0.3946,same PASS
1939,0.0,9.0,1,0.3894,0.5612,0.4352,0.3946,same PASS
1940,0.0,9.0,1,0.4144,0.5646,0.4852,0.3878,same PASS
1945,0.0,8.0,1,0.5192,0.522,0.5613,0.4835,misskill
1948,0.0,9.0,1,0.313,0.727,0.225,0.1643,same PASS
1949,0.0,9.0,1,0.2818,0.6882,0.2359,0.1714,same PASS
1950,0.0,5.0,1,0.268,0.4424,0.2222,0.2023,misskill
1955,0.0,9.0,1,0.4877,0.4805,0.5328,0.4918,same PASS
1957,0.0,9.0,1,0.4713,0.4883,0.5492,0.4918,same PASS
1958,0.0,9.0,1,0.541,0.5312,0.5574,0.5152,same PASS
1959,0.0,9.0,1,0.5,0.4336,0.5082,0.4762,same PASS
1965,0.0,9.0,1,0.3706,0.6233,0.6159,0.5697,same PASS
1966,0.0,9.0,1,0.5536,0.6148,0.3928,0.6207,same PASS
1968,0.0,9.0,1,0.3706,0.619,0.5981,0.5442,same PASS
1969,0.0,9.0,1,0.6473,0.4235,0.5981,0.5272,same PASS
1971,0.0,9.0,1,0.3857,0.602,0.4356,0.3946,same PASS
1974,0.0,9.0,1,0.3482,0.5978,0.6249,0.5357,same PASS
1981,0.0,9.0,1,0.468,0.5343,0.5277,0.4876,same PASS
1982,0.0,9.0,1,0.48,0.5419,0.5197,0.4571,same PASS
1984,0.0,9.0,1,0.492,0.4962,0.4957,0.4724,same PASS
1985,0.0,9.0,1,0.44,0.519,0.5197,0.4571,same PASS
1986,0.0,9.0,1,0.484,0.5152,0.5117,0.4648,same PASS
1987,0.0,9.0,1,0.516,0.5343,0.5117,0.4724,same PASS
1989,0.0,9.0,1,0.54,0.5762,0.4957,0.48,same PASS
1997,0.0,9.0,1,0.528,0.5038,0.5676,0.5029,same PASS
2001,0.0,9.0,1,0.4876,0.4725,0.5202,0.488,same PASS
2006,0.0,9.0,1,0.3243,0.5286,0.5423,0.3238,same PASS
2007,0.0,9.0,1,0.3243,0.5286,0.5423,0.3238,same PASS
2008,0.0,9.0,1,0.3243,0.5286,0.5423,0.3238,same PASS
2009,0.0,9.0,1,0.3243,0.5286,0.5423,0.3238,same PASS
2010,0.0,9.0,1,0.3243,0.5286,0.5423,0.3238,same PASS
2011,0.0,9.0,1,0.3243,0.5286,0.5423,0.3238,same PASS
2012,0.0,9.0,1,0.3243,0.5286,0.5423,0.3238,same PASS
2013,0.0,9.0,1,0.3243,0.5286,0.5423,0.3238,same PASS
2014,0.0,9.0,1,0.3243,0.5286,0.5423,0.3238,same PASS
2015,0.0,9.0,1,0.3243,0.5286,0.5423,0.3238,same PASS
2016,0.0,9.0,1,0.3243,0.5286,0.5423,0.3238,same PASS
2017,0.0,9.0,1,0.3243,0.5286,0.5423,0.3238,same PASS
2018,0.0,9.0,1,0.3243,0.5286,0.5423,0.3238,same PASS
2031,0.0,9.0,1,0.512,0.4657,0.5118,0.4724,same PASS
2032,0.0,9.0,1,0.504,0.5762,0.4958,0.4495,same PASS
2033,0.0,9.0,1,0.488,0.5076,0.5118,0.48,same PASS
2035,0.0,9.0,1,0.3255,0.5286,0.5387,0.3238,same PASS
2036,0.0,9.0,1,0.3255,0.5286,0.5387,0.3238,same PASS
2040,0.0,9.0,1,0.3255,0.5286,0.5387,0.3238,same PASS
2044,0.0,9.0,1,0.5146,0.4954,0.1012,0.0766,same PASS
2044,1.0,9.0,1,0.4314,0.3402,0.0929,0.07,same PASS
2044,2.0,9.0,1,0.8661,0.2616,0.0971,0.1136,same PASS
2045,0.0,9.0,1,0.5454,0.4938,0.4151,0.3581,same PASS
2047,0.0,9.0,1,0.435,0.3446,0.112,0.083,same PASS
2047,1.0,9.0,1,0.5159,0.498,0.1023,0.0738,same PASS
2047,2.0,9.0,1,0.8663,0.2813,0.0843,0.1093,same PASS
2049,0.0,9.0,1,0.4657,0.5218,0.526,0.458,same PASS
2050,2.0,9.0,1,0.5788,0.6541,0.1101,0.0784,same PASS
2050,3.0,9.0,1,0.1459,0.7172,0.0892,0.1169,same PASS
2052,0.0,9.0,1,0.391,0.7515,0.457,0.3823,same PASS
2052,1.0,9.0,1,0.5387,0.5034,0.457,0.3823,same PASS
2052,2.0,9.0,1,0.7215,0.2552,0.457,0.3823,same PASS
2059,0.0,9.0,1,0.4915,0.6465,0.4268,0.6268,same PASS
2070,0.0,9.0,1,0.4696,0.6449,0.3739,0.6128,same PASS
2072,0.0,9.0,1,0.5522,0.6822,0.4,0.588,same PASS
2073,0.0,9.0,1,0.4665,0.5842,0.3226,0.4123,same PASS
2080,0.0,9.0,1,0.4957,0.5174,0.1697,0.1147,same PASS
2080,1.0,9.0,1,0.1477,0.7273,0.1138,0.1413,same PASS
2080,2.0,9.0,1,0.0897,0.5655,0.1095,0.1536,same PASS
2084,0.0,9.0,1,0.4854,0.4538,0.3201,0.2774,same PASS
2086,0.0,9.0,1,0.4976,0.463,0.3056,0.2774,same PASS
2086,1.0,9.0,1,0.7328,0.6572,0.2522,0.2774,same PASS
2087,0.0,9.0,1,0.483,0.5555,0.3056,0.2404,same PASS
2090,0.0,9.0,1,0.552,0.4967,0.4787,0.3638,same PASS
2091,0.0,9.0,1,0.6284,0.5397,0.4648,0.3571,same PASS
2093,2.0,9.0,1,0.3861,0.3345,0.1099,0.0854,same PASS
2095,0.0,9.0,1,0.5097,0.4977,0.3153,0.2635,same PASS
2096,0.0,9.0,1,0.5267,0.4884,0.3202,0.2358,same PASS
2096,1.0,9.0,1,0.2914,0.2873,0.2668,0.2866,same PASS
2097,0.0,9.0,1,0.5267,0.4861,0.3008,0.2404,same PASS
2097,1.0,9.0,1,0.2963,0.2896,0.2571,0.2728,same PASS
2098,0.0,9.0,1,0.4612,0.4445,0.2765,0.2312,same PASS
2098,1.0,9.0,1,0.2186,0.2457,0.228,0.2497,same PASS
2099,0.0,9.0,1,0.4636,0.4607,0.3493,0.2728,same PASS
2123,0.0,9.0,1,0.5327,0.5356,0.3551,0.5964,same PASS
2128,0.0,9.0,1,0.4732,0.5279,0.3414,0.2369,same PASS
2128,1.0,9.0,1,0.7146,0.73,0.2488,0.2973,same PASS
2129,0.0,9.0,1,0.5,0.5256,0.3073,0.2602,same PASS
2129,1.0,9.0,1,0.2659,0.3165,0.2488,0.2973,same PASS
2130,0.0,9.0,1,0.4781,0.5139,0.3219,0.2834,same PASS
2132,0.0,9.0,1,0.5121,0.5023,0.3234,0.2576,same PASS
2133,0.0,9.0,1,0.2924,0.2838,0.2607,0.2899,same PASS
2133,1.0,9.0,1,0.5217,0.4862,0.2945,0.2438,same PASS
2134,0.0,9.0,1,0.471,0.4517,0.3186,0.2484,same PASS
2134,1.0,9.0,1,0.2369,0.2424,0.2558,0.3083,same PASS
2142,0.0,9.0,1,0.5047,0.5401,0.4391,0.6587,same PASS
2146,0.0,9.0,1,0.4813,0.5312,0.355,0.5696,same PASS
2151,0.0,9.0,1,0.3886,0.5027,0.2799,0.3374,same PASS
2152,0.0,9.0,1,0.4172,0.4429,0.2799,0.3374,same PASS
2158,0.0,9.0,1,0.5175,0.4248,0.6482,0.518,same PASS
2159,0.0,9.0,1,0.3467,0.6044,0.6044,0.5096,same PASS
2160,0.0,9.0,1,0.4781,0.4791,0.5343,0.4595,same PASS
2161,0.0,9.0,1,0.4037,0.5835,0.6131,0.4678,same PASS
2163,0.0,9.0,1,0.3949,0.4081,0.6131,0.518,same PASS
2164,0.0,9.0,1,0.442,0.6063,0.6152,0.5017,same PASS
2165,1.0,8.0,1,0.1926,0.4512,0.2775,0.1954,misskill
2167,0.0,9.0,1,0.4348,0.4351,0.2553,0.303,same PASS
2182,0.0,9.0,1,0.6431,0.5835,0.5722,0.4678,same PASS
2183,0.0,9.0,1,0.6384,0.5501,0.5815,0.4845,same PASS
2184,0.0,9.0,1,0.5785,0.5961,0.6276,0.4595,same PASS
2185,0.0,9.0,1,0.4308,0.571,0.5722,0.4595,same PASS
2186,0.0,9.0,1,0.5923,0.571,0.6738,0.543,same PASS
2187,0.0,9.0,1,0.5923,0.6044,0.5446,0.4428,same PASS
2188,0.0,9.0,1,0.4308,0.5,0.6461,0.4845,same PASS
2192,0.0,9.0,1,0.5517,0.4872,0.6953,0.5017,same PASS
2193,0.0,9.0,1,0.5075,0.5068,0.5263,0.3265,same PASS
2194,0.0,9.0,1,0.5965,0.5393,0.6562,0.4718,same PASS
2195,0.0,9.0,1,0.4517,0.4345,0.6562,0.4718,same PASS
2202,0.0,9.0,1,0.7731,0.8081,0.1793,0.1812,same PASS
2205,2.0,9.0,1,0.7263,0.721,0.284,0.1889,same PASS
2217,0.0,9.0,1,0.4856,0.4641,0.5039,0.3588,same PASS
2220,0.0,9.0,1,0.6968,0.4281,0.3406,0.4796,same PASS
2223,0.0,9.0,1,0.4086,0.538,0.3047,0.5038,same PASS
2228,0.0,9.0,1,0.4668,0.5686,0.5405,0.3175,same PASS
2229,0.0,9.0,1,0.4336,0.6073,0.3603,0.532,same PASS
2230,1.0,9.0,1,0.2098,0.2147,0.3224,0.2291,same PASS
2230,2.0,9.0,1,0.6315,0.2013,0.3224,0.2291,same PASS
2233,0.0,9.0,1,0.3402,0.6403,0.5827,0.2976,same PASS
2234,0.0,9.0,1,0.5512,0.5231,0.4825,0.2712,same PASS
2237,0.0,9.0,1,0.5037,0.4471,0.4898,0.2646,same PASS
2238,0.0,9.0,1,0.5846,0.4596,0.7306,0.5488,same PASS
2241,0.0,9.0,1,0.404,0.413,0.304,0.2106,same PASS
2242,0.0,9.0,1,0.4712,0.4568,0.5187,0.2964,same PASS
2246,0.0,9.0,1,0.4718,0.4758,0.2815,0.4348,same PASS
2247,0.0,9.0,1,0.5161,0.4793,0.2735,0.4555,same PASS
2248,0.0,9.0,1,0.4598,0.5897,0.2735,0.4693,same PASS
2249,0.0,9.0,1,0.5402,0.4517,0.2735,0.4555,same PASS
2250,0.0,9.0,1,0.4598,0.5,0.2574,0.4417,same PASS
2252,0.0,9.0,1,0.5201,0.4586,0.2815,0.4279,same PASS
2254,0.0,9.0,1,0.4437,0.4551,0.2896,0.4762,same PASS
2256,0.0,9.0,1,0.4397,0.4793,0.2976,0.4555,same PASS
2281,0.0,9.0,1,0.3987,0.413,0.32,0.2289,same PASS
2282,0.0,9.0,1,0.5187,0.5939,0.3254,0.2152,same PASS
2283,0.0,9.0,1,0.5053,0.5916,0.3307,0.2381,same PASS
2284,0.0,9.0,1,0.484,0.6007,0.32,0.2106,same PASS
2285,0.0,9.0,1,0.3773,0.4794,0.3307,0.2244,same PASS
2288,0.0,9.0,1,0.4493,0.4153,0.336,0.2152,same PASS
2289,0.0,9.0,1,0.468,0.4565,0.3094,0.206,same PASS
2295,0.0,9.0,1,0.5347,0.5755,0.336,0.261,same PASS
2300,0.0,9.0,1,0.4467,0.4588,0.3307,0.2289,same PASS
2301,0.0,9.0,1,0.4707,0.6259,0.3147,0.2152,same PASS
2302,0.0,9.0,1,0.524,0.5527,0.2934,0.1969,same PASS
2303,0.0,9.0,1,0.476,0.4565,0.304,0.206,same PASS
2307,1.0,9.0,1,0.8413,0.489,0.1679,0.235,same PASS
2310,0.0,9.0,1,0.6009,0.5087,0.6961,0.4675,same PASS
2311,0.0,9.0,1,0.389,0.4978,0.3329,0.2208,same PASS
2313,0.0,9.0,1,0.4243,0.4848,0.3127,0.2035,same PASS
2320,0.0,9.0,1,0.3635,0.4282,0.6431,0.3704,same PASS
2321,0.0,9.0,1,0.4577,0.5952,0.7188,0.5079,same PASS
2322,0.0,9.0,1,0.6446,0.544,0.6622,0.4642,same PASS
2323,0.0,9.0,1,0.5925,0.6814,0.6783,0.4082,same PASS
2356,0.0,9.0,1,0.5224,0.4962,0.2956,0.4992,same PASS
2406,1.0,9.0,1,0.1013,0.2447,0.1488,0.2193,same PASS
2413,0.0,9.0,1,0.4968,0.5083,0.155,0.2104,same PASS
2413,1.0,9.0,1,0.7873,0.0999,0.2906,0.1357,same PASS
2414,0.0,9.0,1,0.7873,0.1083,0.2841,0.1357,same PASS
2414,1.0,9.0,1,0.4968,0.5138,0.155,0.2159,same PASS
2415,0.0,9.0,1,0.2143,0.8862,0.2744,0.1301,same PASS
2415,1.0,9.0,1,0.5097,0.4931,0.1485,0.2132,same PASS
2450,0.0,9.0,1,0.5984,0.5614,0.7246,0.4455,same PASS
2451,0.0,9.0,1,0.3297,0.5286,0.5256,0.3238,same PASS
2453,0.0,9.0,1,0.8795,0.3664,0.1647,0.2427,same PASS
2453,1.0,9.0,1,0.2959,0.6843,0.2721,0.172,same PASS
2455,1.0,9.0,1,0.2818,0.7246,0.2479,0.1497,same PASS
2456,1.0,9.0,1,0.3128,0.7163,0.2869,0.1953,same PASS
2457,1.0,9.0,1,0.2866,0.7268,0.2554,0.1442,same PASS
2458,0.0,9.0,1,0.5541,0.4458,0.6495,0.3175,same PASS
2459,0.0,9.0,1,0.4865,0.5542,0.6224,0.4568,same PASS
2460,0.0,9.0,1,0.4499,0.4749,0.5343,0.358,same PASS
2461,0.0,9.0,1,0.6492,0.3105,0.1837,0.1304,same PASS
2461,1.0,9.0,1,0.8301,0.5935,0.1779,0.1157,same PASS
2462,0.0,9.0,1,0.331,0.5286,0.5217,0.3238,same PASS
2463,0.0,9.0,1,0.3882,0.6956,0.6191,0.3839,same PASS
2463,1.0,9.0,1,0.5,0.3856,0.6535,0.3987,same PASS
2466,0.0,9.0,1,0.3329,0.5286,0.5157,0.3238,same PASS
2467,0.0,9.0,1,0.3329,0.5286,0.5157,0.3238,same PASS
2468,0.0,9.0,1,0.3329,0.5286,0.5157,0.3238,same PASS
2469,0.0,9.0,1,0.3329,0.5286,0.5157,0.3238,same PASS
2470,0.0,9.0,1,0.3329,0.5286,0.5157,0.3238,same PASS
2471,0.0,9.0,1,0.3329,0.5286,0.5157,0.3238,same PASS
2472,0.0,9.0,1,0.3329,0.5286,0.5157,0.3238,same PASS
2473,0.0,9.0,1,0.3329,0.5286,0.5157,0.3238,same PASS
2474,0.0,9.0,1,0.3329,0.5286,0.5157,0.3238,same PASS
2475,0.0,9.0,1,0.3329,0.5286,0.5157,0.3238,same PASS
2476,0.0,9.0,1,0.3329,0.5286,0.5157,0.3238,same PASS
2477,0.0,9.0,1,0.3329,0.5286,0.5157,0.3238,same PASS
2481,0.0,9.0,1,0.5459,0.4964,0.609,0.3867,same PASS
2481,1.0,9.0,1,0.3874,0.8043,0.5924,0.3437,same PASS
2482,0.0,9.0,1,0.5042,0.5251,0.6424,0.401,same PASS
2482,1.0,9.0,1,0.3832,0.8151,0.6341,0.3222,same PASS
2484,0.0,9.0,1,0.3345,0.5286,0.5108,0.3238,same PASS
2485,0.0,9.0,1,0.3345,0.5286,0.5108,0.3238,same PASS
2489,1.0,9.0,1,0.66,0.4969,0.1706,0.2503,same PASS
2492,0.0,9.0,1,0.5344,0.4031,0.7467,0.4551,same PASS
2514,0.0,9.0,1,0.5512,0.6781,0.757,0.4472,same PASS
2519,1.0,9.0,1,0.3735,0.8315,0.2109,0.1315,same PASS
2520,1.0,9.0,1,0.3556,0.8104,0.2076,0.1263,same PASS
2521,1.0,9.0,1,0.3556,0.8289,0.2076,0.1368,same PASS
2523,1.0,9.0,1,0.3714,0.8258,0.2181,0.1425,same PASS
2534,1.0,9.0,1,0.6545,0.2358,0.6266,0.3545,same PASS
2539,0.0,9.0,1,0.5568,0.619,0.2874,0.3896,same PASS
2542,0.0,9.0,1,0.5902,0.6136,0.2874,0.3896,same PASS
2544,0.0,9.0,1,0.6972,0.5974,0.2874,0.3896,same PASS
2572,0.0,9.0,1,0.1702,0.5212,0.209,0.1481,same PASS
2573,1.0,9.0,1,0.3792,0.8201,0.1828,0.1217,same PASS
2577,0.0,9.0,1,0.1473,0.6181,0.2201,0.1495,same PASS
2578,0.0,9.0,1,0.1651,0.6154,0.2427,0.1391,same PASS
2579,0.0,9.0,1,0.4841,0.4785,0.7308,0.4118,same PASS
2582,0.0,9.0,1,0.1432,0.6253,0.1857,0.1266,same PASS
2584,0.0,9.0,1,0.1717,0.6109,0.235,0.1252,same PASS
2586,0.0,9.0,1,0.3471,0.8183,0.1931,0.1174,same PASS
2593,0.0,9.0,1,0.4096,0.5595,0.5649,0.5769,same PASS
2594,0.0,9.0,1,0.4831,0.4954,0.5536,0.6136,same PASS
2595,0.0,9.0,1,0.5621,0.5183,0.5762,0.6044,same PASS
2600,0.0,9.0,1,0.5518,0.5385,0.579,0.3711,same PASS
2607,0.0,9.0,1,0.6101,0.5893,0.6816,0.3827,same PASS
2608,0.0,9.0,1,0.5534,0.4228,0.4957,0.3149,same PASS
2609,0.0,9.0,1,0.5686,0.4506,0.5262,0.3087,same PASS
2612,0.0,9.0,1,0.4804,0.5,0.3919,0.5079,same PASS
2619,0.0,9.0,1,0.5541,0.4097,0.2703,0.3448,same PASS
2621,0.0,9.0,1,0.6859,0.4398,0.2501,0.3284,same PASS
2622,0.0,9.0,1,0.3277,0.4836,0.2501,0.3284,same PASS
2623,0.0,9.0,1,0.3141,0.5,0.2365,0.3284,same PASS
2624,0.0,9.0,1,0.7163,0.4261,0.2568,0.3448,same PASS
2625,0.0,9.0,1,0.3209,0.4945,0.2636,0.3394,same PASS
2626,0.0,9.0,1,0.3108,0.5712,0.2568,0.3284,same PASS
2627,0.0,9.0,1,0.6791,0.4507,0.2636,0.3503,same PASS
2628,0.0,9.0,1,0.3243,0.5602,0.2568,0.3503,same PASS
2629,0.0,9.0,1,0.3209,0.5547,0.2906,0.3941,same PASS
2630,0.0,9.0,1,0.3108,0.552,0.2568,0.3558,same PASS
2631,0.0,9.0,1,0.6723,0.4124,0.2501,0.3284,same PASS
2633,0.0,9.0,1,0.4456,0.5235,0.2683,0.435,same PASS
2634,0.0,9.0,1,0.3586,0.403,0.2393,0.3939,same PASS
2635,0.0,9.0,1,0.5036,0.5176,0.3118,0.4586,same PASS
2636,0.0,9.0,1,0.4927,0.5176,0.3045,0.4468,same PASS
2637,0.0,9.0,1,0.4637,0.4794,0.29,0.4292,same PASS
2639,0.0,9.0,1,0.4782,0.4765,0.29,0.435,same PASS
2640,0.0,9.0,1,0.4637,0.5176,0.29,0.388,same PASS
2642,0.0,9.0,1,0.4819,0.5412,0.2973,0.4233,same PASS
2643,1.0,9.0,1,0.2995,0.7996,0.2336,0.1441,same PASS
2643,2.0,9.0,1,0.5331,0.2626,0.2336,0.1611,same PASS
2647,0.0,9.0,1,0.479,0.4787,0.7456,0.4337,same PASS
2648,0.0,9.0,1,0.3897,0.4447,0.6721,0.3997,same PASS
2649,0.0,9.0,1,0.5578,0.568,0.7351,0.4252,same PASS
2657,0.0,9.0,1,0.4412,0.5079,0.6961,0.3651,same PASS
2658,0.0,9.0,1,0.8368,0.595,0.2011,0.1275,same PASS
2661,0.0,9.0,1,0.3991,0.5282,0.1948,0.2198,same PASS
2661,1.0,9.0,1,0.2356,0.7156,0.2365,0.2057,same PASS
2661,2.0,9.0,1,0.4948,0.1901,0.2539,0.1691,same PASS
2661,3.0,9.0,1,0.8078,0.1746,0.2678,0.1719,same PASS
2664,0.0,9.0,1,0.4902,0.5437,0.4504,0.5,same PASS
2667,0.0,9.0,1,0.4834,0.4775,0.5771,0.6379,same PASS
2670,0.0,9.0,1,0.5176,0.4762,0.8581,0.4286,same PASS
2671,0.0,9.0,1,0.5411,0.5571,0.8111,0.4381,same PASS
2672,0.0,9.0,1,0.5529,0.5524,0.7876,0.4857,same PASS
2673,0.0,9.0,1,0.5235,0.4952,0.8464,0.4286,same PASS
2674,0.0,9.0,1,0.5411,0.5095,0.7876,0.4381,same PASS
2675,0.0,9.0,1,0.4647,0.5476,0.7993,0.4381,same PASS
2676,0.0,9.0,1,0.5059,0.4524,0.8581,0.4381,same PASS
2677,0.0,9.0,1,0.5059,0.5667,0.8816,0.4762,same PASS
2685,0.0,9.0,1,0.5119,0.5818,0.8423,0.4618,same PASS
2686,0.0,9.0,1,0.5652,0.423,0.7592,0.4521,same PASS
2687,0.0,9.0,1,0.5415,0.5625,0.8067,0.4618,same PASS
2729,0.0,9.0,1,0.525,0.4524,0.8875,0.4571,same PASS
2736,0.0,9.0,1,0.5568,0.5289,0.82,0.4521,same PASS
2737,0.0,9.0,1,0.4558,0.4182,0.82,0.4618,same PASS
2738,0.0,9.0,1,0.5,0.4759,0.9084,0.4618,same PASS
2740,0.0,9.0,1,0.4685,0.6443,0.8453,0.4521,same PASS
2743,0.0,9.0,1,0.43,0.5534,0.7896,0.4762,same PASS
2744,0.0,9.0,1,0.5387,0.5421,0.8504,0.5478,same PASS
2746,0.0,9.0,1,0.2599,0.1914,0.1823,0.1565,same PASS
2746,1.0,9.0,1,0.2599,0.3545,0.1823,0.1565,same PASS
2752,0.0,9.0,1,0.5,0.5385,0.8947,0.4329,same PASS
2773,0.0,9.0,1,0.525,0.5048,0.8621,0.4286,same PASS
2774,0.0,9.0,1,0.525,0.5381,0.8371,0.419,same PASS
2777,0.0,9.0,1,0.5063,0.5241,0.8956,0.4618,same PASS
2778,0.0,9.0,1,0.4685,0.702,0.8199,0.4137,same PASS
2789,0.0,9.0,1,0.5,0.4856,0.883,0.4618,same PASS
2794,0.0,9.0,1,0.4811,0.6443,0.8451,0.4521,same PASS
2799,0.0,9.0,1,0.4948,0.5278,0.75,0.4048,same PASS
2807,0.0,9.0,1,0.4938,0.5189,0.8653,0.4432,same PASS
2808,0.0,9.0,1,0.5062,0.5377,0.89,0.4432,same PASS
2810,0.0,9.0,1,0.4938,0.5143,0.861,0.4476,same PASS
2813,0.0,9.0,1,0.5312,0.3857,0.836,0.4,same PASS
2816,0.0,9.0,1,0.5323,0.5277,0.7883,0.3976,same PASS
2817,0.0,9.0,1,0.4612,0.5462,0.7753,0.3976,same PASS
2837,0.0,9.0,1,0.5983,0.6132,0.6661,0.4137,same PASS
2851,0.0,9.0,1,0.4764,0.5042,0.7662,0.2866,same PASS
2852,0.0,9.0,1,0.5118,0.4747,0.6955,0.2613,same PASS
2853,0.0,9.0,1,0.5059,0.5548,0.7073,0.2866,same PASS
2854,0.0,9.0,1,0.5236,0.5927,0.7662,0.2781,same PASS
2855,0.0,9.0,1,0.4941,0.5,0.7544,0.295,same PASS
2856,0.0,9.0,1,0.5236,0.5548,0.6955,0.2697,same PASS
2857,0.0,9.0,1,0.4941,0.4958,0.7073,0.2697,same PASS
2920,0.0,9.0,1,0.4702,0.4702,0.7857,0.2806,same PASS
2921,0.0,9.0,1,0.4702,0.5595,0.7381,0.2721,same PASS
2922,0.0,9.0,1,0.4821,0.5043,0.7143,0.2806,same PASS
2923,0.0,9.0,1,0.4762,0.5255,0.7262,0.2721,same PASS
2924,0.0,9.0,1,0.5536,0.5723,0.6905,0.2636,same PASS
2925,0.0,9.0,1,0.5,0.5468,0.75,0.2636,same PASS
2929,0.0,9.0,1,0.4883,0.5,0.7704,0.2673,same PASS
2952,0.0,9.0,1,0.4939,0.5349,0.8675,0.4281,same PASS
2953,0.0,9.0,1,0.4756,0.5874,0.8309,0.3932,same PASS
2954,0.0,9.0,1,0.5183,0.5218,0.8675,0.4194,same PASS
2955,0.0,9.0,1,0.4817,0.5131,0.8431,0.4369,same PASS
2957,0.0,9.0,1,0.4695,0.5961,0.8186,0.3757,same PASS
2968,0.0,9.0,1,0.5461,0.4764,0.5801,0.6789,same PASS
2971,0.0,9.0,1,0.4075,0.6077,0.6941,0.3561,same PASS
2984,0.0,9.0,1,0.5351,0.5042,0.8069,0.4094,same PASS
2985,0.0,9.0,1,0.4357,0.571,0.7017,0.3759,same PASS
2988,0.0,9.0,1,0.5185,0.5309,0.493,0.6437,same PASS
2989,0.0,9.0,1,0.4754,0.5132,0.5546,0.679,same PASS
2990,0.0,9.0,1,0.4507,0.5044,0.6039,0.7319,same PASS
2991,0.0,9.0,1,0.5555,0.5132,0.5669,0.679,same PASS
2992,0.0,9.0,1,0.3952,0.5441,0.5176,0.6173,same PASS
2993,0.0,9.0,1,0.5062,0.5088,0.5915,0.6702,same PASS
2997,0.0,9.0,1,0.4928,0.5154,0.601,0.6759,same PASS
2999,1.0,11.0,1,0.4081,0.6724,0.4365,0.3777,misskill
3000,0.0,9.0,1,0.4828,0.4795,0.8155,0.4023,same PASS
3042,0.0,9.0,1,0.5589,0.5087,0.6016,0.6553,same PASS
3055,0.0,9.0,1,0.4937,0.4666,0.7886,0.3843,same PASS
3056,0.0,9.0,1,0.5688,0.3747,0.7636,0.3342,same PASS
3057,1.0,12.0,1,0.5683,0.4139,0.6378,0.4154,misskill
3079,0.0,9.0,1,0.4792,0.4908,0.8027,0.3051,same PASS
3080,0.0,0.0,1,0.5074,0.3773,0.8826,0.7069,misskill
3083,0.0,9.0,1,0.5,0.5317,0.8157,0.2902,same PASS
3084,0.0,9.0,1,0.534,0.4637,0.8293,0.2993,same PASS
3089,0.0,9.0,1,0.4725,0.5366,0.8104,0.293,same PASS
3094,0.0,9.0,1,0.5205,0.5343,0.5536,0.555,same PASS
3097,0.0,9.0,1,0.4589,0.5412,0.7676,0.2839,same PASS
3099,0.0,9.0,1,0.4931,0.4725,0.8361,0.3114,same PASS
3100,0.0,9.0,1,0.5411,0.5733,0.795,0.3114,same PASS
3101,0.0,9.0,1,0.4726,0.5183,0.795,0.293,same PASS
3102,0.0,9.0,1,0.4726,0.4634,0.795,0.293,same PASS
3103,0.0,9.0,1,0.4657,0.5137,0.7813,0.3022,same PASS
3104,0.0,9.0,1,0.5137,0.4863,0.8224,0.3022,same PASS
3112,0.0,9.0,1,0.4887,0.4811,0.4308,0.4913,same PASS
3122,0.0,9.0,1,0.7322,0.5692,0.282,0.3378,same PASS
3123,0.0,9.0,1,0.7571,0.5692,0.3318,0.3267,same PASS
3124,0.0,9.0,1,0.4129,0.4834,0.2903,0.3212,same PASS
3125,0.0,9.0,1,0.7239,0.5664,0.282,0.3212,same PASS
3126,0.0,9.0,1,0.7115,0.5637,0.2903,0.3156,same PASS
3130,0.0,9.0,1,0.7322,0.5609,0.2986,0.3212,same PASS
3131,0.0,9.0,1,0.7198,0.5637,0.2737,0.3156,same PASS
3132,0.0,9.0,1,0.7156,0.5886,0.2986,0.3212,same PASS
3133,0.0,9.0,1,0.7032,0.5748,0.2903,0.3267,same PASS
3135,0.0,9.0,1,0.7198,0.5803,0.2903,0.3378,same PASS
3137,0.0,9.0,1,0.7322,0.5526,0.3394,0.3378,same PASS
3143,0.0,9.0,1,0.2946,0.5581,0.3215,0.3378,same PASS
3143,1.0,9.0,1,0.6965,0.5526,0.3215,0.3378,same PASS
3146,0.0,9.0,1,0.8421,0.3817,0.1376,0.0606,same PASS
3147,0.0,9.0,1,0.8394,0.3805,0.1502,0.0695,same PASS
3148,0.0,9.0,1,0.8539,0.4041,0.1321,0.0673,same PASS
3149,0.0,9.0,1,0.7266,0.5716,0.3287,0.3248,same PASS
3205,0.0,9.0,1,0.3613,0.5066,0.5086,0.4762,same PASS
3382,0.0,9.0,1,0.4703,0.5128,0.49,0.5527,same PASS
3392,0.0,9.0,1,0.6055,0.4575,0.5357,0.5442,same PASS
3393,0.0,9.0,1,0.5162,0.517,0.5195,0.5612,same PASS
3395,0.0,9.0,1,0.6136,0.5255,0.5519,0.5612,same PASS
3396,0.0,9.0,1,0.6055,0.5213,0.5032,0.5187,same PASS
3397,0.0,9.0,1,0.6055,0.4405,0.5357,0.5612,same PASS
3398,0.0,9.0,1,0.3701,0.5298,0.5195,0.5527,same PASS
3400,0.0,9.0,1,0.4756,0.5468,0.5032,0.5357,same PASS
3403,0.0,9.0,1,0.6206,0.4789,0.4985,0.5394,same PASS
3408,0.0,9.0,1,0.3552,0.6286,0.3196,0.1391,same PASS
